{"test_loss": 0.025092415511608124, "test_accuracy": 0.9915000200271606, "_timestamp": 1705925828.2290504, "_runtime": 201.8966224193573, "_step": 0, "_wandb": {"runtime": 201}}