{"test_loss": 0.025690240785479546, "test_accuracy": 0.991599977016449, "_timestamp": 1705926843.6168888, "_runtime": 192.88626265525818, "_step": 0, "_wandb": {"runtime": 192}}